label,eponym,Id
Lili,False,Lili
Issar-naʾdi,False,Issar-naʾdi
Umadi,False,Umadi
Aššur-belu-udaʾʾan,False,Aššur-belu-udaʾʾan
Nabu-ahu-ereš,False,Nabu-ahu-ereš
Abile,False,Abile
Ṣallaya,False,Ṣallaya
Seʾ-lukidi,False,Seʾ-lukidi
Marduk-iddina,False,Marduk-iddina
Nabu-šallim,False,Nabu-šallim
Šamaš-išmanni,False,Šamaš-išmanni
Nani,False,Nani
Aššur-ilaʾi,False,Aššur-ilaʾi
La-baši,False,La-baši
Aplaya,False,Aplaya
Aššur-bel-šarrani,False,Aššur-bel-šarrani
Arbayu,False,Arbayu
Aššur-nadin-ahhe,False,Aššur-nadin-ahhe
Mahumaya,False,Mahumaya
Suitka,False,Suitka
Anu-ereš,False,Anu-ereš
Šamaš-taklak,False,Šamaš-taklak
Kibabiše,False,Kibabiše
Sin-ahhe-eriba,True,Sin-ahhe-eriba
Kuškaya,False,Kuškaya
Ahat-abiša,False,Ahat-abiša
Uppite,False,Uppite
Kakkullanu,False,Kakkullanu
Zer-Babili,False,Zer-Babili
Ṭuki,False,Ṭuki
Lullupaya,False,Lullupaya
Mardi,False,Mardi
Šulmu-beli-lašme,False,Šulmu-beli-lašme
Aššur-belu-daʾʾin,False,Aššur-belu-daʾʾin
Ina-šar-Bel-allak,False,Ina-šar-Bel-allak
Abi-Seʾ,False,Abi-Seʾ
Dadi-ibni,False,Dadi-ibni
Naṣibi,False,Naṣibi
Mannu-ki-Adad,False,Mannu-ki-Adad
Il-yadaʾ,False,Il-yadaʾ
Kina,False,Kina
Makkame,False,Makkame
Ahu-lurši,False,Ahu-lurši
Ša-la-ili-mannu,False,Ša-la-ili-mannu
Aššur-šarrani,False,Aššur-šarrani
Ubru-Babili,False,Ubru-Babili
Nergal-...,False,Nergal-...
Ahhešaya,False,Ahhešaya
Ṣabatti,False,Ṣabatti
Saniye,False,Saniye
Ullusunu,False,Ullusunu
Sin-naʾdi,False,Sin-naʾdi
Šarru-lu-dari,False,Šarru-lu-dari
Nabu-ahhe-iddina,False,Nabu-ahhe-iddina
Marduku,False,Marduku
Duri-Adad,False,Duri-Adad
Urzana,False,Urzana
brick masons,False,brick masons
Mar-Zeri,False,Mar-Zeri
Teši-eṭir,False,Teši-eṭir
Nergal-šarrani,False,Nergal-šarrani
Nabu-remanni,False,Nabu-remanni
Siplia,False,Siplia
Asrukanu,False,Asrukanu
Kuza,False,Kuza
Rehanu,False,Rehanu
Governor (of Kalhu),False,Governor (of Kalhu)
Baga-parna,False,Baga-parna
Bel-eriba,False,Bel-eriba
Nadin,False,Nadin
Aššur-daʾʾinanni,False,Aššur-daʾʾinanni
Pan-Aššur-lamur,False,Pan-Aššur-lamur
Bel-iqiša,False,Bel-iqiša
Bure,False,Bure
Adad-issiya,False,Adad-issiya
Uaksatar,False,Uaksatar
Marduk-šarru-uṣur,False,Marduk-šarru-uṣur
Dada,False,Dada
Adda-šumki,False,Adda-šumki
Nadin-...,False,Nadin-...
Kunaya,False,Kunaya
Šimkaya,False,Šimkaya
Erra-dala,False,Erra-dala
Ašpa-bara,False,Ašpa-bara
Adda-hati,False,Adda-hati
Ahu-illika,False,Ahu-illika
Gidgiddanu,False,Gidgiddanu
Aššur-patinu,False,Aššur-patinu
Ilumma-taklak,False,Ilumma-taklak
Sin-uballiṭ,False,Sin-uballiṭ
Appa,False,Appa
Palihka-libluṭ,False,Palihka-libluṭ
unassigned vassal king,False,unassigned vassal king
x-x-ur-da-a,False,x-x-ur-da-a
Rusa,False,Rusa
Marduk-remanni,False,Marduk-remanni
Aššur-ṣabtanni,False,Aššur-ṣabtanni
Humbe,False,Humbe
Batulu,False,Batulu
Haldi-naṣir,False,Haldi-naṣir
Suna,False,Suna
Sin-ilaʾi,False,Sin-ilaʾi
Šari,False,Šari
Lansi,False,Lansi
Nibe,False,Nibe
Patamu,False,Patamu
Guhuru,False,Guhuru
Nagaha,False,Nagaha
Hunanu,False,Hunanu
Tuʾaya,False,Tuʾaya
...ya,False,...ya
Ša-Aššur-dubbu,True,Ša-Aššur-dubbu
Akkadayu,False,Akkadayu
Ahu-nuri,False,Ahu-nuri
Tarditu-Aššur,False,Tarditu-Aššur
Radmanu,False,Radmanu
Bel-ibni,False,Bel-ibni
Arihu,False,Arihu
...-kaʾʾin,False,...-kaʾʾin
Iṣiye,False,Iṣiye
Zabayu,False,Zabayu
Gabbu-amur,False,Gabbu-amur
Tariba-Issar,False,Tariba-Issar
Nabu-pašir,False,Nabu-pašir
Il-dala,False,Il-dala
Šamaš-ilaʾi,False,Šamaš-ilaʾi
Igli,False,Igli
Šulmu-bel-ašme,False,Šulmu-bel-ašme
Abi-yaqa,False,Abi-yaqa
Šamaš-ahu-iddina,False,Šamaš-ahu-iddina
Šarru-emuranni,True,Šarru-emuranni
Adad-abuʾa,False,Adad-abuʾa
Nimarkaya,False,Nimarkaya
Inurta-ilaʾi or Nabu-pašir,False,Inurta-ilaʾi or Nabu-pašir
Nabu-deni-epuš,False,Nabu-deni-epuš
Urdu-Sin,False,Urdu-Sin
Šamaš-belu-uṣur,True,Šamaš-belu-uṣur
Bel-leʾi,False,Bel-leʾi
Setinu,False,Setinu
Yasumu,False,Yasumu
Aza,False,Aza
Aššur-...,False,Aššur-...
Aššur-balti-niše,False,Aššur-balti-niše
Abattu,False,Abattu
Aššur-belu-uṣur,False,Aššur-belu-uṣur
Deputy (governor),False,Deputy (governor)
Kanunaya,False,Kanunaya
Sadiru,False,Sadiru
Aššur-dur-paniya,False,Aššur-dur-paniya
Abu-lešir,False,Abu-lešir
Abaliuqunu,False,Abaliuqunu
Badaya,False,Badaya
Ilu-mušezib,False,Ilu-mušezib
Adad-iriba,False,Adad-iriba
Adad-remanni,False,Adad-remanni
Ubru-Palil,False,Ubru-Palil
Nabu-deʾiq,False,Nabu-deʾiq
Šamaš-ruqaya,False,Šamaš-ruqaya
Nabu-šumu-uṣur,False,Nabu-šumu-uṣur
Ṣil-Šamaš,False,Ṣil-Šamaš
Humamati,False,Humamati
Zeru-ibni,True,Zeru-ibni
Ṣululu,False,Ṣululu
Nabu-eṭir-napšati,False,Nabu-eṭir-napšati
Adad-ibni,False,Adad-ibni
Naʾdi-ilu,True,Naʾdi-ilu
Yanzu,False,Yanzu
Ša-ili-dubbu,False,Ša-ili-dubbu
Nergal-belu-uṣur,False,Nergal-belu-uṣur
Sin-duru-uṣur,False,Sin-duru-uṣur
Hazannu,False,Hazannu
Urdu-Issar,False,Urdu-Issar
Tuʾayu,False,Tuʾayu
Nabu-leʾi,False,Nabu-leʾi
Marduk-šarrani,False,Marduk-šarrani
Bel-uṣur,False,Bel-uṣur
Ramati,False,Ramati
Recruitment officers,False,Recruitment officers
Nabu-uṣalla,False,Nabu-uṣalla
Sani,False,Sani
Zala,False,Zala
Kilar,False,Kilar
Labarmu,False,Labarmu
Biriaun,False,Biriaun
Mašennu,False,Mašennu
Dannaya,False,Dannaya
x,False,x
Ubru-Harran,False,Ubru-Harran
Nergal-naṣir,False,Nergal-naṣir
Gadya,False,Gadya
Ilu-piya-uṣur,False,Ilu-piya-uṣur
Nabu-šarru-uṣur,False,Nabu-šarru-uṣur
Issar-šumu-iqiša,False,Issar-šumu-iqiša
Inurta-ilaʾi,False,Inurta-ilaʾi
Akburu,False,Akburu
Mannu-ki-mat-Aššur,False,Mannu-ki-mat-Aššur
Yataʾ,False,Yataʾ
Raʾsunu,False,Raʾsunu
Bel-ahhe-riba,False,Bel-ahhe-riba
Nabu-ušallim,False,Nabu-ušallim
Aššur-ašared,False,Aššur-ašared
Saʾilu,False,Saʾilu
Eṭiru,False,Eṭiru
Mar-Issar,False,Mar-Issar
Umman-mina,False,Umman-mina
Babu,False,Babu
Marduk-šumu-iddina,False,Marduk-šumu-iddina
Eni-il,False,Eni-il
Ubru-Nabu,False,Ubru-Nabu
Haldi-abu-uṣur,False,Haldi-abu-uṣur
Nabu-iqiša,False,Nabu-iqiša
Saʾeru,False,Saʾeru
Ašipa,False,Ašipa
Mannu-ki-Aššur-leʾi,False,Mannu-ki-Aššur-leʾi
Zazaya,False,Zazaya
Bel-qatika-ṣabat,False,Bel-qatika-ṣabat
Nanu,False,Nanu
Sili,False,Sili
Nabu-ašared,False,Nabu-ašared
Nabu-šezib,False,Nabu-šezib
Urmakinnu,False,Urmakinnu
Kuna,False,Kuna
Palace Herald,False,Palace Herald
Sin-ašared,False,Sin-ašared
Natan,False,Natan
Aššur-zeru-ibni,False,Aššur-zeru-ibni
Urpalaʾa,False,Urpalaʾa
Nabu-bani,False,Nabu-bani
Aššur-reši-išši,False,Aššur-reši-išši
Aššur-remanni,False,Aššur-remanni
Rahdiaba,False,Rahdiaba
Šamaš-upahhir,True,Šamaš-upahhir
Bel-lešir,False,Bel-lešir
Ariye,False,Ariye
Huziru,False,Huziru
Marduk-šallim,False,Marduk-šallim
Belu-lu-balaṭ,False,Belu-lu-balaṭ
Nabu-šarru-ibni,False,Nabu-šarru-ibni
Pigat,False,Pigat
Aššur-alik-pani,False,Aššur-alik-pani
Ṣala-il,False,Ṣala-il
Nabu-ereš,False,Nabu-ereš
Pihame,False,Pihame
Nabuʾa,False,Nabuʾa
Gamalu,False,Gamalu
Nabu-epuš,False,Nabu-epuš
Bar-Ṣaruri,False,Bar-Ṣaruri
Tarriki-hallu,False,Tarriki-hallu
Mitunu,False,Mitunu
Kimumaya,False,Kimumaya
Nabu-balliṭ,False,Nabu-balliṭ
Nabu-zeru-ibni,False,Nabu-zeru-ibni
Aššur-dalal,False,Aššur-dalal
Aqaba,False,Aqaba
Lu-ahuʾa,False,Lu-ahuʾa
Hunni,False,Hunni
Bel-abu-uṣur,False,Bel-abu-uṣur
Amiru,False,Amiru
Marduk-zeru-ibni,False,Marduk-zeru-ibni
Iqišaya,False,Iqišaya
Silim-Aššur,False,Silim-Aššur
Gir-Dadi,False,Gir-Dadi
Nabu-riba-ahhe,False,Nabu-riba-ahhe
Kutayu,False,Kutayu
Naṣib-il,False,Naṣib-il
Urṣene,False,Urṣene
Šamaš-abu-uṣur,False,Šamaš-abu-uṣur
Adda-imme,False,Adda-imme
Bel-iqbi,False,Bel-iqbi
Nabu-hamatua,False,Nabu-hamatua
Bel-ilaʾi,False,Bel-ilaʾi
Nabu-dur-makie,False,Nabu-dur-makie
Arbailayu,False,Arbailayu
Upaq-Šamaš,False,Upaq-Šamaš
Kubaba-satar,False,Kubaba-satar
Paqaha,False,Paqaha
Nabu-ušabši,False,Nabu-ušabši
Sakuata,False,Sakuata
Keni,False,Keni
Bel-emuranni,False,Bel-emuranni
Nabu-zeru-iddina,False,Nabu-zeru-iddina
Dalta,False,Dalta
Sapiku,False,Sapiku
Abu-ul-idi,False,Abu-ul-idi
Bel-lamur,False,Bel-lamur
Kummaya,False,Kummaya
Atanha-Šamaš,False,Atanha-Šamaš
Mita,False,Mita
Seʾ-gabbari,False,Seʾ-gabbari
Išme-ilu,False,Išme-ilu
Paltaṣi,False,Paltaṣi
Luqu,False,Luqu
Ṣil-Bel,False,Ṣil-Bel
Iqiša-Marduk,False,Iqiša-Marduk
Barik-il,False,Barik-il
Aššur-reṣiwa,False,Aššur-reṣiwa
Amar-ili,False,Amar-ili
Bel-qatua,False,Bel-qatua
Balaṭi,False,Balaṭi
Nabu-šumu-iddina,False,Nabu-šumu-iddina
Ubru-Libbali,False,Ubru-Libbali
Zabaya,False,Zabaya
Tuqunu,False,Tuqunu
Sargon II,False,Sargon II
Raṣappaya,False,Raṣappaya
Aššur-bani,True,Aššur-bani
Dala-il,False,Dala-il
Remanni-...,False,Remanni-...
Nabu-ahu-uṣur,False,Nabu-ahu-uṣur
Dugul-pan-ili,False,Dugul-pan-ili
Mušallim-Adad,False,Mušallim-Adad
Baziya,False,Baziya
Qanni,False,Qanni
Meṣate-ibni,False,Meṣate-ibni
Ariaza,False,Ariaza
Raʾiwanu,False,Raʾiwanu
(completely destroyed),False,(completely destroyed)
Eriba,False,Eriba
Dasukku,False,Dasukku
Amat-Bel-uṣur,False,Amat-Bel-uṣur
Yadiʾ,False,Yadiʾ
Mar-suri,False,Mar-suri
Ata,False,Ata
Šarru,False,Šarru
Raši-Marduk,False,Raši-Marduk
Kubaba-ilaʾi,False,Kubaba-ilaʾi
Nashir-Bel or Ša-Aššur-dubbu,False,Nashir-Bel or Ša-Aššur-dubbu
Gurdi,False,Gurdi
Bel-Harran-belu-uṣur,False,Bel-Harran-belu-uṣur
Adad-aplu-iddina,False,Adad-aplu-iddina
Šarru-nuri,False,Šarru-nuri
Ina-qibi-Bel-abluṭ,False,Ina-qibi-Bel-abluṭ
...ti-Bel,False,...ti-Bel
Nabu-zer-ketti-lešir,False,Nabu-zer-ketti-lešir
Nergal-eṭir,False,Nergal-eṭir
Nabu-šezibanni,False,Nabu-šezibanni
Ṭunbaun,False,Ṭunbaun
Nur-Sin,False,Nur-Sin
Mannu-ki-ahhe,False,Mannu-ki-ahhe
Marduk-apla-iddina,False,Marduk-apla-iddina
Šamaš-reʾuwa,False,Šamaš-reʾuwa
Aššur-šumu-kaʾʾin,False,Aššur-šumu-kaʾʾin
Il-yadaʾ or Šarru-emuranni,False,Il-yadaʾ or Šarru-emuranni
Bel-ahhe,False,Bel-ahhe
Adad-nuri,False,Adad-nuri
Huli,False,Huli
Nabu-mušallim,False,Nabu-mušallim
Hu-Teššub,False,Hu-Teššub
Mannu-ki-Aššur,False,Mannu-ki-Aššur
Nabu-dur-maki,False,Nabu-dur-maki
Iršumu,False,Iršumu
Zabina-ili,False,Zabina-ili
Bel-uduʾa,False,Bel-uduʾa
Ea-šarru-ibni,False,Ea-šarru-ibni
Šulmu-beli,False,Šulmu-beli
Zaba-iqiša,False,Zaba-iqiša
Dinanu,False,Dinanu
Belšunu,False,Belšunu
Ammi-leti,False,Ammi-leti
Ezi,False,Ezi
Ammi-raʾi,False,Ammi-raʾi
Mannu-ki-Arbail,False,Mannu-ki-Arbail
Ṭab-ṣil-Ešarra,True,Ṭab-ṣil-Ešarra
Bel-liqbi,False,Bel-liqbi
Aššur-šarru-ibni,False,Aššur-šarru-ibni
Aššur-šarru-uṣur,False,Aššur-šarru-uṣur
(unknown),False,(unknown)
Ehiye,False,Ehiye
Mannu-ki-Ninua,False,Mannu-ki-Ninua
Remutu,False,Remutu
Ašapi,False,Ašapi
Aššur-naʾdi,False,Aššur-naʾdi
Sumaya,False,Sumaya
Dadi-suri,False,Dadi-suri
Simanayu,False,Simanayu
Ka...,False,Ka...
Ariṣa,False,Ariṣa
Nabu-nadin-ahi,False,Nabu-nadin-ahi
Mahde,False,Mahde
Amakani,False,Amakani
Bel-deni-amur,False,Bel-deni-amur
Metunu,False,Metunu
Karakku,False,Karakku
Adad-isseʾa,False,Adad-isseʾa
Bahianu,False,Bahianu
Nergal-balliṭ,False,Nergal-balliṭ
Mannu-...,False,Mannu-...
Narage,False,Narage
Harranu,False,Harranu
Gabbu-ana-Aššur,False,Gabbu-ana-Aššur
Nabu-killanni,False,Nabu-killanni
Niya,False,Niya
Kubaba-ereš,False,Kubaba-ereš
Melarṭua,False,Melarṭua
Palace supervisor,False,Palace supervisor
Aššur-reṣuwa,False,Aššur-reṣuwa
Ammi-yataʾ,False,Ammi-yataʾ
Madayu,False,Madayu
Bel-iddina,False,Bel-iddina
Ilaʾi-Bel,False,Ilaʾi-Bel
Vizier,False,Vizier
Babisu-x,False,Babisu-x
Mušezibu,False,Mušezibu
Marduk-eriba,False,Marduk-eriba
Šep-Aššur,False,Šep-Aššur
Issar-duri,True,Issar-duri
Nabu-duru-uṣur,False,Nabu-duru-uṣur
Nabu-taklak,False,Nabu-taklak
Musani,False,Musani
Samnuha-belu-uṣur,False,Samnuha-belu-uṣur
Ahu-bani,False,Ahu-bani
Ada,False,Ada
Inṣabri,False,Inṣabri
Eziye,False,Eziye
Mar-Yakin,False,Mar-Yakin
Balassu,False,Balassu
Aššur-ereš,False,Aššur-ereš
Naʾid-Ešeriga,False,Naʾid-Ešeriga
Ziziru,False,Ziziru
Šamaš-ukin,False,Šamaš-ukin
Nabu-belu-kaʾʾin,False,Nabu-belu-kaʾʾin
Bur-Sila,False,Bur-Sila
Nabu-balliṭanni,False,Nabu-balliṭanni
Habsi,False,Habsi
Abi-ramu,False,Abi-ramu
Aššur-belu-taqqin,False,Aššur-belu-taqqin
Remanni-Adad,False,Remanni-Adad
...,False,...
Zari,False,Zari
Rapa-il,False,Rapa-il
Samnuha-bessunu,False,Samnuha-bessunu
Ilu-illika,False,Ilu-illika
Išmanni-Aššur,False,Išmanni-Aššur
Nabu-belu-uṣur,False,Nabu-belu-uṣur
Mardu,False,Mardu
Ahi-yaqar,False,Ahi-yaqar
Šuzubu,False,Šuzubu
Nashir-Bel,True,Nashir-Bel
Taklak-ana-Bel,True,Taklak-ana-Bel
Epa,False,Epa
Mannu-iri,False,Mannu-iri
Irtukkanu,False,Irtukkanu
Treasurer,False,Treasurer
Lutu,False,Lutu
Arzaya,False,Arzaya
Bel-eṭir,False,Bel-eṭir
Zaqiru,False,Zaqiru
Adda-ramu,False,Adda-ramu
Abat-šarri-uṣur,False,Abat-šarri-uṣur
Sin-iddina,False,Sin-iddina
Erra-gamil,False,Erra-gamil
Ereš-ilu,False,Ereš-ilu
Šulmanu-...,False,Šulmanu-...
Aššur-bessunu,False,Aššur-bessunu
Kiṣir-Aššur,False,Kiṣir-Aššur
Ṭab-šar-Aššur,True,Ṭab-šar-Aššur
Harriru,False,Harriru
Seʾ-salamu,False,Seʾ-salamu
Kalbi-Uku,False,Kalbi-Uku
Bel-duri,False,Bel-duri
Labasi,False,Labasi
Bel-šarru-uṣur,False,Bel-šarru-uṣur
Tabni-ilu,False,Tabni-ilu
Halama,False,Halama
Argisti,False,Argisti
Ubaru,False,Ubaru
Attar-ham,False,Attar-ham
Sanda-pi,False,Sanda-pi
Nabu-eriba,False,Nabu-eriba
Nabu-bel-šumati,False,Nabu-bel-šumati
Kaqqadanu,False,Kaqqadanu
Urik,False,Urik
Aššur-leʾi,False,Aššur-leʾi
Ahhutun,False,Ahhutun
City rulers,False,City rulers
Atta-idri,False,Atta-idri
Duʾani-Issar,False,Duʾani-Issar
Ilu-biʾdi,False,Ilu-biʾdi
Nadin-ahhe,False,Nadin-ahhe
Yaʾiru,False,Yaʾiru
Nabu-taqqinanni,False,Nabu-taqqinanni
Ilu-iqbi,False,Ilu-iqbi
